Version,Date,Script,Category,Problem,Root Cause,Solution,Impact,Breaking Change,
1.0.0,2026-02-04,All,Initial,N/A,N/A,Initial multi-service AI platform deployment,Created 26-service platform,No,
2.0.0,2026-02-04,Script 2,Architecture,Services hard-coded configuration,Inflexible deployment parameters,Implemented environment-based configuration,Dynamic service configuration,No,
3.0.0,2026-02-04,Script 2,Networking,Port conflicts on shared systems,Fixed port assignments,Dynamic port allocation with conflict detection,Auto-resolves port conflicts,No,
4.0.0,2026-02-04,Script 2,Integration,No remote access capability,Missing VPN integration,Added Tailscale optional configuration,Secure remote access,No,
5.0.0,2026-02-04,Script 2,AI Models,Limited Ollama model selection,Hard-coded model list,Interactive model selection (12 models),Flexible AI capabilities,No,
6.0.0,2026-02-04,Script 2,Routing,No LLM routing optimization,Single model per request,LiteLLM routing strategies (4 modes),Intelligent request routing,No,
7.0.0,2026-02-04,Script 2,API,No external LLM providers,Local-only deployment,Added 5 external API integrations,Hybrid local/cloud AI,No,
8.0.0,2026-02-04,Script 2,Configuration,Manual LiteLLM config,Error-prone setup,Auto-generated config from selections,Reduced configuration errors,No,
9.0.0,2026-02-04,Script 2,Monitoring,No service health visibility,Missing observability,Added Prometheus + Grafana + Loki,Complete observability stack,No,
10.0.0,2026-02-04,Script 2,Storage,No object storage,Missing file management,Added MinIO S3-compatible storage,File/model storage capability,No,
11.0.0,2026-02-04,Script 2,Automation,No workflow automation,Manual task execution,Added N8N workflow automation,Automated workflows,No,
12.0.0,2026-02-04,Script 2,Vector DB,Single vector database,Limited RAG options,Added Qdrant + ChromaDB + Weaviate,Multiple vector DB options,No,
13.0.0,2026-02-04,Script 2,Platform,Single AI interface,Limited use cases,Added AnythingLLM + Dify platforms,Multiple AI platforms,No,
14.0.0,2026-02-04,Script 2,Database,Shared PostgreSQL,Resource contention,Dedicated DBs for Dify and main platform,Improved isolation,No,
15.0.0,2026-02-04,Script 2,Cache,Single Redis instance,Resource sharing conflicts,Separate Redis for Dify,Better performance isolation,No,
16.0.0,2026-02-04,Script 2,Security,Code execution risks,Dify code sandbox needed,Added Dify sandbox container,Secure code execution,No,
17.0.0,2026-02-04,Script 2,Architecture,Monolithic compose file,Hard to maintain,Service-grouped compose structure,Modular configuration,No,
18.0.0,2026-02-04,Script 2,Deployment,Missing health checks,Unreliable startup,Added comprehensive health checks,Reliable deployments,No,
19.0.0,2026-02-04,Script 2,Networking,Network isolation issues,Services on default bridge,Dedicated Docker network with subnet,Proper isolation,No,
20.0.0,2026-02-04,Script 2,Persistence,Data loss on container restart,Missing volume mounts,All services use named volumes,Data persistence,No,
21.0.0,2026-02-04,Script 1,System,No system validation,Deployment failures,Added system requirements validation,Pre-flight checks,No,
22.0.0,2026-02-04,Script 1,Environment,Missing .env generation,Manual configuration errors,Complete .env auto-generation,Automated setup,No,
23.0.0,2026-02-04,Script 1,Security,Weak default passwords,Security vulnerabilities,Cryptographically secure password generation,Enhanced security,No,
24.0.0,2026-02-04,Script 1,Dependencies,Missing Docker/Docker Compose,Installation failures,Auto-install dependencies,Simplified setup,No,
25.0.0,2026-02-04,Script 1,Networking,Unknown host IP,Service binding failures,Auto-detect primary IP address,Correct service binding,No,
26.0.0,2026-02-04,Script 1,Directory,Missing directory structure,Permission errors,Pre-create all required directories,Proper permissions,No,
27.0.0,2026-02-04,Script 1,Validation,No GPU detection,Suboptimal performance,GPU detection and configuration,Hardware optimization,No,
28.0.0,2026-02-04,Script 0,Documentation,Missing reference doc,Configuration confusion,Created comprehensive one-page reference,Quick reference guide,No,
29.0.0,2026-02-04,Script 0,Reference,Outdated service list,Documentation drift,Auto-synced with deployment config,Always current,No,
30.0.0,2026-02-04,All,Logging,Inconsistent log format,Debugging difficulty,Standardized logging across scripts,Easier troubleshooting,No,
31.0.0,2026-02-04,All,UX,Plain text output,Poor readability,Added colors and Unicode symbols,Better user experience,No,
32.0.0,2026-02-04,Script 2,Validation,No pre-deployment checks,Deployment failures,Added validation phase,Catch errors early,No,
33.0.0,2026-02-04,Script 2,Recovery,Failed deployments unrecoverable,Manual cleanup needed,Added rollback capability,Automatic recovery,No,
34.0.0,2026-02-04,Script 2,Status,No deployment visibility,Unknown service state,Added status dashboard,Real-time visibility,No,
35.0.0,2026-02-04,Script 1,Backup,No configuration backup,Lost settings,Auto-backup before changes,Configuration safety,No,
36.0.0,2026-02-04,Script 2,Rate Limiting,API abuse potential,No throttling,LiteLLM rate limiting,API protection,No,
37.0.0,2026-02-04,Script 2,Cost,Uncontrolled cloud API usage,Budget overruns,Usage tracking and limits,Cost control,No,
38.0.0,2026-02-04,Script 2,Performance,No request optimization,High latency,Caching and batching strategies,Faster responses,No,
39.0.0,2026-02-04,Script 2,Reliability,Single point of failure,Service downtime,Multi-model fallback routing,High availability,No,
40.0.0,2026-02-04,Script 2,Scalability,Fixed resource allocation,Performance bottlenecks,Resource limits configuration,Tunable performance,No,
41.0.0,2026-02-04,Script 2,Integration,Services not connected,Manual wiring needed,Auto-configured service discovery,Seamless integration,No,
42.0.0,2026-02-04,Script 2,SSL/TLS,HTTP-only deployment,Security risk,Optional HTTPS configuration,Encrypted traffic,No,
43.0.0,2026-02-04,Script 2,Authentication,Weak auth on services,Unauthorized access,Strong authentication defaults,Better security,No,
44.0.0,2026-02-04,Script 2,Secrets,Plaintext secrets in .env,Secret exposure,Secret management recommendations,Improved secret handling,No,
45.0.0,2026-02-04,Script 1,Platform,Ubuntu-only support,Limited compatibility,Multi-distro detection,Broader compatibility,No,
46.0.0,2026-02-04,Script 1,Architecture,No ARM support,Raspberry Pi incompatible,ARM64 architecture support,Edge deployment,No,
47.0.0,2026-02-04,Script 2,Models,Manual model download,Slow first start,Auto-download selected models,Ready to use,No,
48.0.0,2026-02-04,Script 2,Updates,No update mechanism,Outdated services,Version checking capability,Stay current,No,
49.0.0,2026-02-04,Script 2,Cleanup,Orphaned containers,Resource waste,Cleanup orphaned resources,Clean environment,No,
50.0.0,2026-02-04,Script 2,Logs,Log overflow,Disk space issues,Log rotation configuration,Managed disk usage,No,
51.0.0,2026-02-04,Script 0,Examples,No usage examples,User confusion,Added common use cases,Easier adoption,No,
52.0.0,2026-02-04,Script 0,API,Missing API documentation,Integration difficulty,Complete API reference,Developer friendly,No,
53.0.0,2026-02-04,Script 0,Troubleshooting,No debug guide,Long resolution time,Added troubleshooting section,Faster problem solving,No,
54.0.0,2026-02-04,Script 2,Profiles,Single deployment mode,Inflexible sizing,Small/medium/large profiles,Right-sized deployments,No,
55.0.0,2026-02-04,Script 2,Testing,No test mode,Production-only testing,Added dry-run mode,Safe testing,No,
56.0.0,2026-02-04,Script 1,Validation,Silent failures,Hard to diagnose,Verbose validation output,Clear error messages,No,
57.0.0,2026-02-04,Script 2,Dify,Incomplete Dify setup,Non-functional platform,Complete 4-service Dify stack,Working Dify deployment,No,
58.0.0,2026-02-04,Script 2,pgvector,Missing vector extension,Dify RAG failed,PostgreSQL with pgvector,Dify embeddings work,No,
59.0.0,2026-02-04,Script 2,Dependencies,Service start order issues,Crashes on startup,Proper depends_on configuration,Reliable startup,No,
60.0.0,2026-02-04,Script 2,Environment,Missing env vars,Service failures,Complete environment variable set,All services configured,No,
61.0.0,2026-02-04,Script 2,Volumes,Wrong volume paths,Data not persisting,Corrected volume mappings,Data persists correctly,No,
62.0.0,2026-02-04,Script 2,Networking,Service discovery failures,DNS resolution issues,Proper service naming,Services can communicate,No,
63.0.0,2026-02-04,Script 2,Ports,Port mapping conflicts,Services unreachable,Unique port assignments,All services accessible,No,
64.0.0,2026-02-04,Script 2,Config,LiteLLM config syntax errors,Service won't start,Valid YAML generation,LiteLLM starts correctly,No,
65.0.0,2026-02-04,Script 2,API Keys,API key format issues,Authentication failures,Proper key encoding,APIs authenticate,No,
66.0.0,2026-02-04,Script 2,Routing,Router config ignored,Requests not distributed,Correct router_settings block,Load balancing works,No,
67.0.0,2026-02-04,Script 2,Rate Limit,Rate limit not enforced,API abuse possible,Fixed rate limit configuration,Limits enforced,No,
68.0.0,2026-02-04,Script 2,Monitoring,Metrics not collected,No visibility,Proper Prometheus scrape config,Metrics available,No,
69.0.0,2026-02-04,Script 2,Grafana,Datasources not configured,No dashboards,Provisioned datasources,Dashboards functional,No,
70.0.0,2026-02-04,Script 2,Logs,Logs not aggregated,Hard to debug,Loki log aggregation,Centralized logging,No,
70.1.0,2026-02-04,Script 0,Reference,Version tracking needed,Documentation drift,Added version to reference doc,Versioned documentation,No,
71.0.0,2026-02-04,Script 2,Truncation,Script truncated in output,Incomplete deployment,Split into logical sections,Complete script delivery,No,
72.0.0,2026-02-04,Script 1,Environment,Incomplete .env generation,Missing HOST_IP variable,Complete variable generation,All vars present,No,
72.1.0,2026-02-04,Script 2,Variable Check,Unbound variable error on HOST_IP,set -u flag with missing var,Safe environment sourcing,No errors on load,No,
73.0.0,2026-02-04,Scripts 1&2,Regression,Environment loading failures,Incomplete .env + strict bash,Fixed both scripts completely,Production ready,No,
v73.0.0,2026-02-04,Script 1,Environment,Incomplete .env generation,Missing HOST_IP variable in generated .env file,Added HOST_IP detection and generation in .env creation,Complete .env with all required variables including HOST_IP,No,
v72.1.0,2026-02-04,Script 2,Variable Check,Unbound variable error on HOST_IP,Bash set -u flag triggers error when .env missing HOST_IP,Safe environment sourcing with set +u during source,Script loads environment without unbound variable errors,No,
v73.0.0,2026-02-04,Scripts 1&2,Regression,Environment loading failures,Script 1 incomplete .env + Script 2 strict checking caused failures,Fixed both scripts: Script 1 generates complete .env,Script 2 safely loads and validates,Both scripts work together without regressions,No
v74.0.0,2026-02-05,Script 1,Syntax Error,Bash syntax error near unexpected token '(',Unescaped parenthesis or malformed function syntax around line 418,Corrected syntax error in `check_resources` function,Resolved script execution failure,No,
v74.0.0,2026-02-05,Script 1,Regression Test,Failed to resolve previously identified syntax error,Previous fix was incomplete or introduced new issues,Re-analyzed and corrected syntax error in `check_resources` function,Ensured script stability and execution,No,